English,Russian,French
a,,une
abandon,покидать,abandonner
ability,способность,capacité
able,способный,pouvoir
abortion,аборт,Avortement
about,о,à propos de
above,выше,dessus
abroad,за границу,à l'étranger
absence,отсутствие,absence
absolute,абсолютный,absolu
absolutely,абсолютно,Tout à fait
absorb,абсорбировать,absorber
abuse,злоупотреблять,abuser de
academic,академический,académique
accept,принимать,J'accepte
access,доступ,accès
accident,несчастный случай,accident
accompany,сопровождать,accompagner
accomplish,выполнить,accomplir
according,в соответствии,selon
account,учетная запись,Compte
accurate,точный,exact
accuse,обвинять,accuser
achieve,достигать,réaliser
achievement,достижение,réussite
acid,кислота,acide
acknowledge,сознавать,accuser réception
acquire,приобретать,acquérir
across,через,de l'autre côté
act,действовать,acte
action,действие,action
active,активный,actif
activist,активист,activiste
activity,Мероприятия,activité
actor,актер,acteur
actress,актриса,actrice
actual,действительный,réel
actually,фактически,en fait
ad,объявление,un d
adapt,адаптироваться,adapter
add,Добавлять,ajouter
addition,добавление,une addition
additional,дополнительный,Additionnel
address,адрес,adresse
adequate,адекватный,adéquat
adjust,регулировать,régler
adjustment,корректирование,ajustement
administration,администрация,administration
administrator,администратор,administrateur
admire,восхищаться,admirer
admission,допуск,admission
admit,признавать,admettre
adolescent,подросток,adolescente
adopt,усыновить,adopter
adult,для взрослых,adulte
advance,продвигать,avance
advanced,передовой,Avancée
advantage,преимущество,avantage
adventure,приключение,aventure
advertising,Реклама,La publicité
advice,совет,conseils
advise,советовать,conseiller
adviser,консультант,conseiller
advocate,адвокат,avocat
affair,Роман,affaire
affect,оказывать воздействие,affecter
afford,предоставлять,s'offrir
afraid,боюсь,effrayé
African,африканец,africain
African-American,Афроамериканец,Afro-américain
after,после,après
afternoon,после полудня,après midi
again,очередной раз,de nouveau
against,против,contre
age,возраст,âge
agency,агентство,agence
agenda,повестка дня,ordre du jour
agent,агент,agent
aggressive,агрессивный,agressif
ago,тому назад,depuis
agree,дать согласие,Je suis d'accord
agreement,соглашение,accord
agricultural,сельскохозяйственное,agricole
ah,ах,ah
ahead,предстоящий,en avant
aid,помогать,aide
aide,помощник,aide
AIDS,СПИД,sida
aim,цель,objectif
air,воздуха,air
aircraft,самолет,avion
airline,авиакомпания,Compagnie aérienne
airport,аэропорт,aéroport
album,альбом,album
alcohol,алкоголь,de l'alcool
alive,живой,vivant
all,все,tout
alliance,союз,Alliance
allow,позволять,Autoriser
ally,союзник,allié
almost,почти,presque
alone,один,seule
along,вдоль,le long de
already,уже,déjà
also,также,également
alter,альтер,modifier
alternative,альтернатива,alternative
although,хотя,même si
always,всегда,toujours
am,являюсь,un m
amazing,удивительный,étonnante
American,американский,américain
among,среди,parmi
amount,количество,montant
analysis,анализ,Analyse
analyst,аналитик,analyste
analyze,анализировать,analyser
ancient,древний,ancien
and,а также,et
anger,злость,colère
angle,угол,angle
angry,сердитый,en colère
animal,животное,animal
anniversary,Годовщина,anniversaire
announce,анонсировать,annoncer
annual,ежегодный,annuel
another,Другой,une autre
answer,отвечать,répondre
anticipate,предвидеть,anticiper
anxiety,беспокойство,anxiété
any,любой,quelconque
anybody,кто-нибудь,n'importe qui
anymore,больше,plus
anyone,кто-нибудь,personne
anything,что-нибудь,n'importe quoi
anyway,в любом случае,en tous cas
anywhere,в любом месте,partout
apart,отдельно,une part
apartment,квартира,appartement
apparent,очевидный,apparent
apparently,по всей видимости,Apparemment
appeal,обращаться,faire appel
appear,появляться,apparaître
appearance,внешний вид,apparence
apple,яблоко,Pomme
application,заявление,application
apply,применять,appliquer
appoint,назначать,nommer
appointment,"деловое свидание, встреча",rendez-vous
appreciate,ценить,apprécier
approach,подход,approcher
appropriate,соответствующий,approprié
approval,одобрение,approbation
approve,утвердить,approuver
approximately,примерно,environ
Arab,араб,arabe
architect,архитектор,architecte
area,область,surface
argue,спорить,se disputer
argument,аргумент,argument
arise,возникать,surgir
arm,рука,bras
armed,вооружившись,armé
army,армия,armée
around,вокруг,environ
arrange,договариваться,organiser
arrangement,расположение,arrangement
arrest,арестовывать,arrêter
arrive,прибыть,arrivée
art,Изобразительное искусство,de l'art
article,статья,article
artist,художник,artiste
artistic,художественный,artistique
as,в виде,comme
Asian,азиатка,asiatique
aside,в стороне,de côté
ask,спросить,demandez
asleep,спящий,endormi
aspect,аспект,aspect
assault,атаковать,agression
assert,утверждать,affirmer
assess,оценивать,évaluer
assessment,оценка,évaluation
asset,актив,actif
assign,назначать,attribuer
assignment,назначение,mission
assist,помощь,aider
assistance,помощь,assistance
assistant,помощник,assistant
associate,ассоциировать,associer
association,ассоциация,association
assume,предполагать,présumer
assumption,предположение,supposition
assure,гарантировать,assurer
at,в,à
athlete,спортсмен,athlète
athletic,Спортивное,sportif
atmosphere,атмосфера,atmosphère
attach,прикреплять,attacher
attack,атака,attaque
attempt,пытаться,tenter
attend,присутствовать,assister
attention,внимание,attention
attitude,отношение,attitude
attorney,адвокат,avocat
attract,привлекать,attirer
attractive,привлекательный,attractif
attribute,атрибут,attribut
audience,аудитория,public
author,автор,auteur
authority,власть,autorité
auto,авто,auto
available,имеется в наличии,disponible
average,в среднем,moyenne
avoid,избегать,éviter de
award,награда,prix
aware,осведомленный,au courant
awareness,осведомленность,conscience
away,далеко,un moyen
awful,ужасный,terrible
baby,малыш,de bébé
back,назад,dos
background,задний план,Contexte
bad,Плохо,mal
badly,плохо,mal
bag,мешок,sac
bake,печь,cuire
balance,остаток средств,équilibre
ball,мяч,Balle
ban,запрет,interdire
band,группа,bande
bank,банк,Banque
bar,бар,bar
barely,едва,à peine
barrel,бочка,baril
barrier,барьер,barrière
base,база,base
baseball,бейсбол,base-ball
basic,базовый,de base
basically,по сути,essentiellement
basis,основа,base
basket,корзина,panier
basketball,баскетбол,basketball
bathroom,ванная,salle de bains
battery,аккумулятор,la batterie
battle,боевой,bataille
be,быть,être
beach,пляж,plage
bean,боб,haricot
bear,нести,ours
beat,бить,battre
beautiful,красивая,belle
beauty,Красота,beauté
because,так как,car
become,стали,devenir
bed,кровать,lit
bedroom,спальная комната,chambre
beer,пиво,Bière
before,перед,avant que
begin,начинать,commencer
beginning,начало,début
behavior,поведение,comportement
behind,за,derrière
being,существование,étant
belief,вера,croyance
believe,полагать,croyez
bell,колокол,cloche
belong,принадлежать,appartiennent
below,ниже,au dessous de
belt,пояс,ceinture
bench,лавка,banc
bend,сгибать,pliez
beneath,под,sous
benefit,выгода,avantage
beside,рядом,à côté de
besides,Кроме,outre
best,Лучший,meilleur
bet,держать пари,pari
better,лучше,mieux
between,между,entre
beyond,вне,au-delà
Bible,библия,Bible
big,большой,gros
bike,велосипед,bicyclette
bill,законопроект,facture
billion,миллиард,milliard
bind,связывать,lier
biological,биологический,biologique
bird,птица,oiseau
birth,рождение,naissance
birthday,день рождения,date d'anniversaire
bit,немного,bit
bite,кусать,mordre
black,чернить,noir
blade,лезвие,lame
blame,обвинять,blâmer
blanket,одеяло,couverture
blind,слепой,aveugle
block,блокировать,bloquer
blood,кровь,du sang
blow,дуть,coup
blue,синий,bleu
board,доска,Conseil
boat,лодка,bateau
body,тело,corps
bomb,бомбить,bombe
bombing,бомбардировка,bombardement
bond,связь,lier
bone,кость,OS
book,книга,livre
boom,бум,boom
boot,ботинок,botte
border,граница,frontière
born,родившийся,née
borrow,одолжить,emprunter
boss,босс,patron
both,оба,tous les deux
bother,беспокоить,embêter
bottle,бутылка,bouteille
bottom,Нижний,bas
boundary,граница,frontière
bowl,чаша,bol
box,коробка,boîte
boy,мальчик,garçon
boyfriend,парень,petit ami
brain,мозг,cerveau
branch,ветка,branche
brand,марка,marque
bread,хлеб,pain
break,перерыв,Pause
breakfast,завтрак,petit-déjeuner
breast,грудь,Sein
breath,дыхание,souffle
breathe,дышать,respirer
brick,кирпич,brique
bridge,мост,pont
brief,краткий,bref
briefly,кратко,brièvement
bright,яркий,brillant
brilliant,блестящий,brillant
bring,приносить,apporter
British,Британская,Britanique
broad,широкий,large
broken,сломанный,cassé
brother,родной брат,frère
brown,коричневый,marron
brush,щетка,brosser
buck,доллар,mâle
budget,бюджет,budget
build,строить,construire
building,строительство,imeuble
bullet,пуля,balle
bunch,связка,groupe
burden,груз,charge
burn,гореть,brûler
bury,хоронить,enterrer
bus,автобус,autobus
business,бизнес,affaires
busy,занятый,occupé
but,но,mais
butter,масло,beurre
button,кнопка,bouton
buy,купить,acheter
buyer,покупатель,acheteur
by,от,par
cabin,кабина,cabine
cabinet,кабинет,cabinet
cable,кабель,câble
cake,кекс,gâteau
calculate,высчитывает,calculer
call,вызов,appel
camera,камера,caméra
camp,лагерь,camp
campaign,кампания,campagne
campus,кампус,Campus
can,может,pouvez
Canadian,канадец,canadien
cancer,рак,cancer
candidate,кандидат,candidat
cap,шапка,casquette
capability,возможность,aptitude
capable,способный,capable
capacity,вместимость,capacité
capital,столица,Capitale
captain,капитан,capitaine
capture,захватывать,Capturer
car,машина,voiture
carbon,углерод,carbone
card,карта,carte
care,забота,se soucier
career,карьера,carrière
careful,осторожный,minutieux
carefully,осторожно,soigneusement
carrier,перевозчик,transporteur
carry,нести,porter
case,дело,Cas
cash,денежные средства,en espèces
cast,В ролях,jeter
cat,Кот,chat
catch,ловить,attraper
category,категория,Catégorie
Catholic,католик,catholique
cause,причина,cause
ceiling,потолок,plafond
celebrate,праздновать,célébrer
celebration,праздник,fête
celebrity,знаменитость,célébrité
cell,клетка,cellule
center,центр,centre
central,центральный,central
century,века,siècle
CEO,Исполнительный директор,PDG
ceremony,церемония,la cérémonie
certain,определенный,certain
certainly,безусловно,certainement
chain,цепь,chaîne
chair,стул,chaise
chairman,председатель,président
challenge,вызов,défier
chamber,камера,chambre
champion,чемпион,champion
championship,чемпионат,championnat
chance,шанс,chance
change,менять,monnaie
changing,изменения,en changeant
channel,канал,canal
chapter,глава,chapitre
character,персонаж,personnage
characteristic,характерная черта,caractéristique
characterize,характеризуют,caractériser
charge,заряжать,charger
charity,благотворительность,charité
chart,Диаграмма,graphique
chase,гнаться,chasser
cheap,дешевый,peu coûteux
check,проверять,Chèque
cheek,щека,joue
cheese,сыр,fromage
chef,шеф-повар,chef
chemical,химическая,chimique
chest,грудь,coffre
chicken,курица,poulet
chief,главный,chef
child,ребенок,enfant
childhood,детство,enfance
Chinese,китайский язык,chinois
chip,чип,ébrécher
chocolate,шоколад,Chocolat
choice,выбор,choix
cholesterol,холестерин,cholestérol
choose,выберите,choisir
Christian,Кристиан,Christian
Christmas,рождество,Noël
church,церковь,église
cigarette,сигарета,cigarette
circle,круг,cercle
circumstance,обстоятельство,circonstance
cite,цитировать,citer
citizen,гражданин,citoyenne
city,город,ville
civil,гражданского,civil
civilian,гражданский,civil
claim,требовать,Réclamer
class,класс,classer
classic,классический,classique
classroom,класс,salle de cours
clean,чистый,faire le ménage
clear,Чисто,dégager
clearly,четко,clairement
client,клиент,client
climate,климат,climat
climb,взбираться,montée
clinic,клиника,clinique
clinical,клиническая,clinique
clock,Часы,l'horloge
close,Закрыть,Fermer
closely,тесно,étroitement
closer,ближе,plus proche
clothes,одежда,vêtements
clothing,одежда,Vêtements
cloud,облако,nuage
club,клуб,club
clue,ключ к разгадке,indice
cluster,кластер,groupe
coach,тренер,entraîneur
coal,каменный уголь,charbon
coalition,коалиция,coalition
coast,берег,côte
coat,Пальто,manteau
code,код,code
coffee,кофе,café
cognitive,познавательный,cognitif
cold,холодный,du froid
collapse,крах,s'effondrer
colleague,коллега,collègue
collect,собирать,collecter
collection,коллекция,collection
collective,коллектив,collectif
college,колледж,Université
colonial,колониальный,colonial
color,цвет,Couleur
column,столбец,colonne
combination,сочетание,combinaison
combine,скомбинировать,combiner
come,прийти,venir
comedy,комедия,la comédie
comfort,комфорт,confort
comfortable,комфортный,à l'aise
command,команда,commander
commander,командир,le commandant
comment,комментарий,commenter
commercial,коммерческая,commercial
commission,комиссия,commission
commit,совершить,s'engager
commitment,обязательство,engagement
committee,комитет,Comité
common,общий,commun
communicate,общаться,communiquer
communication,коммуникация,la communication
community,сообщество,communauté
company,Компания,entreprise
compare,сравнивать,comparer
comparison,сравнение,Comparaison
compete,конкурировать,rivaliser
competition,соревнование,compétition
competitive,конкурентоспособный,compétitif
competitor,конкурент,concurrent
complain,жаловаться,se plaindre
complaint,жалоба,plainte
complete,полный,Achevée
completely,полностью,complètement
complex,сложный,complexe
complicated,сложный,compliqué
component,составная часть,composant
compose,Compose,composer
composition,состав,composition
comprehensive,всесторонний,complet
computer,компьютер,l'ordinateur
concentrate,концентрат,concentrer
concentration,концентрация,concentration
concept,концепция,concept
concern,беспокойство,préoccuper
concerned,обеспокоенный,concerné
concert,концерт,concert
conclude,заключать,conclure
conclusion,заключение,conclusion
concrete,конкретный,béton
condition,условие,état
conduct,провести,conduite
conference,конференция,conférence
confidence,уверенность,confiance
confident,уверенная в себе,confiant
confirm,подтверждать,confirmer
conflict,конфликт,conflit
confront,конфронт,affronter
confusion,спутанность сознания,confusion
Congress,конгресс,Congrès
congressional,конгрессменов,Congressional
connect,соединять,relier
connection,связь,lien
consciousness,сознание,conscience
consensus,консенсус,consensus
consequence,последствие,conséquence
conservative,консервативный,conservateur
consider,рассмотреть возможность,considérer
considerable,значительный,considérable
consideration,рассмотрение,considération
consist,состоять,consister
consistent,последовательный,cohérent
constant,постоянный,constant
constantly,постоянно,constamment
constitute,составлять,constituer
constitutional,конституционная,constitutionnel
construct,конструкт,construction
construction,строительство,construction
consultant,консультант,consultant
consume,потреблять,consommer
consumer,потребитель,consommateur
consumption,потребление,consommation
contact,контакт,contact
contain,содержать,contenir
container,контейнер,récipient
contemporary,современный,contemporain
content,содержание,contenu
contest,конкурс,concours
context,контекст,le contexte
continue,Продолжать,Continuez
continued,продолжение,a continué
contract,договор,Contrat
contrast,контраст,contraste
contribute,способствовать,contribuer
contribution,вклад,contribution
control,контроль,contrôler
controversial,спорный,controversé
controversy,полемика,controverse
convention,соглашение,convention
conventional,общепринятый,conventionnel
conversation,беседа,conversation
convert,перерабатывать,convertir
conviction,убеждение,conviction
convince,убеждать,convaincre
cook,готовить,cuisinier
cookie,печенье,biscuit
cooking,Готовка,cuisine
cool,здорово,frais
cop,полицейский,flic
cope,справляться,se débrouiller
copy,копия,copie
core,основной,cœur
corn,кукуруза,maïs
corner,угол,coin
corporate,корпоративный,d'entreprise
corporation,корпорация,société
correct,верный,corriger
correspondent,корреспондент,correspondant
cost,Стоимость,Coût
cotton,хлопок,coton
couch,диван,canapé
could,мог,pourrait
council,совет,conseil
counselor,консультант,conseiller
count,считать,compter
counter,прилавок,compteur
country,страна,pays
county,округ,comté
couple,пара,coupler
courage,храбрость,courage
course,курс,cours
court,корт,rechercher
cousin,двоюродная сестра,cousin
cover,покрытие,couverture
coverage,покрытие,couverture
cow,корова,vache
crack,трескаться,fissure
craft,ремесло,artisanat
crash,крушение,crash
crazy,сумасшедший,fou
cream,кремовый цвет,crème
create,Создайте,créer
creation,создание,création
creative,творческий,Créatif
creature,существо,créature
credit,кредит,crédit
crew,экипаж,équipage
crime,преступление,la criminalité
criminal,преступник,criminel
crisis,кризис,crise
criteria,критерии,Critères
critic,критик,critique
critical,критический,critique
criticism,критика,critique
criticize,критиковать,critiquer
crop,обрезать,recadrer
cross,Пересекать,traverser
crowd,толпа людей,foule
crucial,ключевой,crucial
cry,плакать,pleurer
cultural,культурный,culturel
culture,культура,culture
cup,чашка,Coupe
curious,любопытный,curieuse
current,Текущий,actuel
currently,В настоящее время,actuellement
curriculum,учебный план,programme d'études
custom,обычай,Douane
customer,клиент,client
cut,резать,Couper
cycle,цикл,cycle
dad,папа,papa
daily,ежедневно,du quotidien
damage,повреждать,endommager
dance,танец,Danse
danger,Опасность,danger
dangerous,опасный,dangereux
dare,сметь,oser
dark,темный,foncé
darkness,темнота,obscurité
data,данные,Les données
date,Дата,Date
daughter,дочь,la fille
day,день,journée
dead,мертвых,mort
deal,иметь дело,accord
dealer,дилер,Marchand
dear,дорогой,chère
death,смерть,décès
debate,обсуждение,débat
debt,долг,dette
decade,десятилетие,décennie
decide,решать,décider
decision,решение,décision
deck,палуба,plate-forme
declare,DECLARE,déclarer
decline,отклонить,déclin
decrease,снижаться,diminuer
deep,глубокий,Profond
deeply,глубоко,profondément
deer,олень,cerf
defeat,поражение,défaite
defend,защищать,défendre
defendant,ответчик,défendeur
defense,защита,la défense
defensive,оборонительный,défensive
deficit,дефицит,déficit
define,определять,définir
definitely,определенно,absolument
definition,определение,définition
degree,степень,degré
delay,задерживать,retard
deliver,доставлять,livrer
delivery,Доставка,livraison
demand,требовать,demande
democracy,демократия,la démocratie
Democrat,демократ,Démocrate
democratic,демократической,démocratique
demonstrate,демонстрировать,démontrer
demonstration,демонстрация,manifestation
deny,отказываться от,Nier
department,отделение,département
depend,зависеть,dépendre
dependent,зависимый,dépendant
depending,в зависимости,"en fonction, dépendemment"
depict,изображают,représenter
depression,депрессия,dépression
depth,глубина,profondeur
deputy,заместитель,adjoint
derive,Выведите,dériver
describe,описывать,décris
description,описание,la description
desert,пустыня,désert
deserve,заслуживать,mériter
design,дизайн,conception
designer,дизайнер,designer
desire,желание,le désir
desk,стол письменный,bureau
desperate,отчаянный,désespéré
despite,несмотря на,malgré
destroy,разрушать,détruire
destruction,разрушение,destruction
detail,подробно,détail
detailed,детальнее,détaillé
detect,обнаружить,détecter
determine,определять,déterminer
develop,развивать,développer
developing,развивающийся,développement
development,разработка,développement
device,устройство,appareil
devote,посвятить,consacrer
dialogue,диалог,dialogue
die,умри,mourir
diet,диета,diète
differ,отличаться,différer
difference,разница,différence
different,разные,différent
differently,по-другому,différemment
difficult,трудный,difficile
difficulty,трудность,difficulté
dig,копать,creuser
digital,цифровой,numérique
dimension,измерение,dimension
dining,обеденный,à manger
dinner,обед,dîner
direct,непосредственный,direct
direction,направление,direction
directly,напрямую,directement
director,директор,réalisateur
dirt,грязь,saleté
dirty,грязный,sale
disability,инвалидность,invalidité
disagree,не соглашаться,être en désaccord
disappear,пропадать,disparaître
disaster,катастрофа,catastrophe
discipline,дисциплина,la discipline
discourse,речь,discours
discover,обнаружить,découvrir
discovery,открытие,Découverte
discrimination,дискриминация,discrimination
discuss,обсуждать,discuter
discussion,обсуждение,discussion
disease,болезнь,maladie
dish,блюдо,plat
dismiss,увольнять,rejeter
disorder,расстройство,désordre
display,отображать,affichage
dispute,спор,contestation
distance,расстояние,distance
distant,отдаленный,loin
distinct,отчетливый,distinct
distinction,различие,distinction
distinguish,различать,distinguer
distribute,распространять,distribuer
distribution,распределение,Distribution
district,округ,quartier
diverse,разнообразный,diverse
diversity,разнообразие,la diversité
divide,делить,diviser
division,разделение,division
divorce,расторжение брака,divorce
DNA,ДНК,ADN
do,делать,fais
doctor,доктор,docteur
document,документ,document
dog,собака,chien
domestic,одомашненный,national
dominant,доминирующий,dominant
dominate,властвуй,dominer
door,дверь,porte
double,двойной,double
doubt,сомневаться,doute
down,вниз,vers le bas
downtown,в центре города,centre ville
dozen,дюжина,douzaine
draft,черновой вариант,Brouillon
drag,тащить,traîne
drama,драма,drame
dramatic,драматичный,spectaculaire
dramatically,драматично,de façon spectaculaire
draw,рисовать,dessiner
drawing,Рисование,dessin
dream,мечтать,rêver
dress,платье,robe
drink,напиток,boire
drive,привод,conduire
driver,Водитель,conducteur
drop,уронить,tomber
drug,лекарство,drogue
dry,сухой,sec
due,должное,dû
during,в течение,durant
dust,пыль,poussière
duty,долг,devoir
each,каждый,chaque
eager,жаждущий,désireux
ear,ухо,oreille
early,рано,tôt
earn,зарабатывать,gagner
earnings,прибыль,gains
earth,земля,Terre
ease,простота,facilité
easily,без труда,facilement
east,Восток,est
eastern,восточный,est
easy,легкий,facile
eat,есть,manger
economic,экономической,économique
economics,экономика,économie
economist,экономист,économiste
economy,экономика,économie
edge,край,bord
edition,версия,édition
editor,редактор,éditeur
educate,воспитывать,éduquer
education,образование,éducation
educational,образования,éducatif
educator,воспитатель,éducateur
effect,эффект,effet
effective,эффективный,efficace
effectively,фактически,effectivement
efficiency,эффективность,Efficacité
efficient,эффективный,efficace
effort,усилие,effort
egg,яйцо,Oeuf
eight,восемь,huit
either,либо,Soit
elderly,престарелые,âgé
elect,избранные,élire
election,выборы,élection
electric,электрический,électrique
electricity,электричество,électricité
electronic,электронный,électronique
element,элемент,élément
elementary,элементарный,élémentaire
eliminate,Устранить,éliminer
elite,элита,élite
else,еще,autre
elsewhere,в другом месте,ailleurs
e-mail,электронная почта,e-mail
embrace,объятие,embrasser
emerge,появляться,émerger
emergency,чрезвычайная ситуация,urgence
emission,излучение,émission
emotion,эмоция,émotion
emotional,эмоциональный,émotif
emphasis,акцент,accentuation
emphasize,подчеркнуть,mettre l'accent sur
employ,нанимают,employer
employee,работник,employé
employer,работодатель,employeur
employment,работа,emploi
empty,пустой,vider
enable,включить,activer
encounter,сталкиваться,rencontrer
end,конец,finir
enemy,враг,ennemi
energy,энергия,énergie
enforcement,правоприменение,mise en vigueur
engage,привлекать,engager
engine,двигатель,moteur
engineer,инженер,ingénieur
engineering,инжиниринг,ingénierie
English,английский,Anglais
enhance,усиливать,améliorer
enjoy,наслаждаться,prendre plaisir
enormous,громадный,énorme
enough,достаточно,suffisant
ensure,гарантировать,assurer
enter,входить,Entrer
enterprise,предприятие,entreprise
entertainment,развлекательная программа,divertissement
entire,весь,tout
entirely,полностью,entièrement
entrance,Вход,entrée
entry,Вход,entrée
environment,среда,environnement
environmental,относящийся к окружающей среде,écologique
episode,эпизод,épisode
equal,равный,égal
equally,в равной степени,également
equipment,оборудование,équipement
era,эпоха,ère
error,ошибка,Erreur
escape,побег,s'échapper
especially,особенно,surtout
essay,сочинение,essai
essential,существенный,essentiel
essentially,по сути,essentiellement
establish,учреждать,établir
establishment,учреждение,établissement
estate,имущество,domaine
estimate,оценивать,estimation
etc,так далее,etc
ethics,этика,éthique
ethnic,этнической,ethnique
European,Европейская,européen
evaluate,оценивать,évaluer
evaluation,оценка,évaluation
even,четный,même
evening,вечер,soirée
event,мероприятие,un événement
eventually,в конце концов,finalement
ever,Когда-либо,jamais
every,каждый,tous
everybody,все,Tout le monde
everyday,ежедневно,tous les jours
everyone,все,toutes les personnes
everything,все,tout
everywhere,везде,partout
evidence,свидетельство,preuve
evolution,эволюция,évolution
evolve,эволюционировать,évoluer
exact,точный,exact
exactly,точно,exactement
examination,экспертиза,examen
examine,исследовать,examiner
example,пример,Exemple
exceed,превосходить,dépasser
excellent,отлично,excellent
except,Кроме,sauf
exception,исключение,exception
exchange,обмен,échange
exciting,захватывающий,passionnant
executive,исполнительный,exécutif
exercise,упражнение,exercer
exhibit,экспонат,exposition
exhibition,выставка,exposition
exist,существовать,exister
existence,существование,existence
existing,существующий,existant
expand,расширять,développer
expansion,расширение,expansion
expect,ожидать,attendre
expectation,ожидание,attente
expense,расходы,frais
expensive,дорого,cher
experience,опыт,vivre
experiment,эксперимент,expérience
expert,эксперт,expert
explain,объяснять,Explique
explanation,объяснение,explication
explode,взорваться,exploser
explore,проводить исследования,explorer
explosion,взрыв,explosion
expose,разоблачать,exposer
exposure,экспозиция,exposition
express,выражать,Express
expression,выражение,expression
extend,продлевать,se déployer
extension,расширение,extension
extensive,обширный,extensif
extent,степень,Le degré
external,внешний,externe
extra,дополнительный,supplémentaire
extraordinary,необычайный,extraordinaire
extreme,экстремальный,extrême
extremely,очень сильно,extrêmement
eye,глаз,œil
fabric,ткань,en tissu
face,лицо,visage
facility,средство,établissement
fact,факт,fait
factor,фактор,facteur
factory,фабрика,usine
faculty,факультет,la faculté
fade,тускнеть,disparaître
fail,неудача,échouer
failure,отказ,échec
fair,Справедливая,équitable
fairly,весьма,équitablement
faith,Вера,Foi
fall,Осень,tombe
FALSE,ЛОЖНЫЙ,FAUX
familiar,знакомый,familier
family,семья,famille
famous,известный,célèbre
fan,поклонник,ventilateur
fantasy,фантазия,fantaisie
far,далеко,loin
farm,ферма,cultiver
farmer,фермер,agriculteur
fashion,мода,mode
fast,быстрый,vite
fat,толстый,gros
fate,судьба,destin
father,отец,père
fault,вина,faute
favor,услуга,favoriser
favorite,любимый,préféré
fear,страх,peur
feature,характерная черта,fonctionnalité
federal,федеральный,fédéral
fee,платеж,frais
feed,кормить,alimentation
feel,Чувствовать,Ressentir
feeling,чувство,sentiment
fellow,парень,membre
female,женский,femelle
fence,изгородь,clôture
few,немного,peu
fewer,меньше,moins
fiber,волокно,fibre
fiction,вымысел,fiction
field,поле,domaine
fifteen,пятнадцать,quinze
fifth,пятый,cinquième
fifty,пятьдесят,cinquante
fight,Борьба,combat
fighter,истребитель,combattant
fighting,борьба,combat
figure,фигура,chiffre
file,файл,déposer
fill,наполнять,remplir
film,фильм,film
final,окончательный,final
finally,наконец-то,finalement
finance,финансы,la finance
financial,финансовый,financier
find,найти,trouve
finding,обнаружение,découverte
fine,отлично,amende
finger,Палец,doigt
finish,финиш,terminer
fire,Пожар,Feu
firm,фирма,solidifier
first,первый,premier
fish,рыбы,poisson
fishing,ловит рыбу,pêche
fit,соответствовать,ajuster
fitness,фитнес,aptitude
five,пять,cinq
fix,исправить,réparer
flag,флаг,drapeau
flame,пламя,flamme
flat,плоский,plat
flavor,вкус,saveur
flee,бежать,fuir
flesh,плоть,la chair
flight,полет,vol
float,плавать,flotter
floor,пол,étage
flow,поток,couler
flower,цветок,fleur
fly,летать,mouche
focus,фокус,se concentrer
folk,люди,populaire
follow,следить,poursuivre
following,следующий,Suivant
food,еда,aliments
foot,стопа,le pied
football,футбол,Football
for,для,pour
force,сила,Obliger
foreign,иностранный,étranger
forest,лес,forêt
forever,навсегда,toujours
forget,забывать,Oubliez
form,форма,forme
formal,формальный,formel
formation,образование,formation
former,бывший,ancien
formula,формула,formule
forth,вперед,en avant
fortune,удача,fortune
forward,вперед,avant
found,нашел,trouvé
foundation,фундамент,fondation
founder,основатель,fondateur
four,четыре,quatre
fourth,четвертый,Quatrième
frame,Рамка,Cadre
framework,фреймворк,cadre
free,бесплатно,libre
freedom,Свобода,liberté
freeze,замерзать,Geler
French,Французский,français
frequency,частота,la fréquence
frequent,частый,fréquent
frequently,часто,souvent
fresh,свежий,Frais
friend,друг,ami
friendly,дружелюбно,amical
friendship,Дружба,Amitié
from,из,de
front,фронт,de face
fruit,фрукты,fruit
frustration,разочарование,frustration
fuel,топливо,le carburant
full,полный,plein
fully,полностью,pleinement
fun,веселье,amusant
function,функция,une fonction
fund,фонд,fonds
fundamental,фундаментальный,fondamental
funding,финансирование,financement
funeral,похороны,funérailles
funny,забавный,drôle
furniture,мебель,un meuble
furthermore,более того,en outre
future,будущее,futur
gain,прирост,Gain
galaxy,галактика,galaxie
gallery,галерея,Galerie
game,игра,Jeu
gang,банда,gang
gap,зазор,écart
garage,гараж,garage
garden,сад,jardin
garlic,чеснок,Ail
gas,газ,gaz
gate,ворота,portail
gather,собирать,rassembler
gay,гей,gai
gaze,посмотреть,regard
gear,механизм,équipement
gender,Пол,genre
gene,ген,gène
general,Генеральная,général
generally,в целом,généralement
generate,генерировать,produire
generation,поколение,génération
genetic,генетический,génétique
gentleman,джентльмен,gentilhomme
gently,нежно,doucement
German,Немецкий,Allemand
gesture,жест,geste
get,получать,obtenir
ghost,призрак,fantôme
giant,гигант,géant
gift,подарок,cadeau
gifted,одаренный,doué
girl,девочка,fille
girlfriend,Подруга,petite amie
give,дайте,donner
given,дано,étant donné
glad,рад,heureux
glance,взглянуть мельком,coup d'œil
glass,стекло,verre
global,Глобальный,global
glove,перчатка,gant
go,идти,va
goal,Цель,but
God,Бог,Dieu
gold,золото,or
golden,золотой,d'or
golf,гольф,le golf
good,хорошо,bien
government,правительство,gouvernement
governor,губернатор,gouverneur
grab,схватить,saisir
grade,оценка,noter
gradually,постепенно,progressivement
graduate,выпускной,diplômé
grain,зерно,grain
grand,большой,grandiose
grandfather,Дед,grand-père
grandmother,бабушка,grand-mère
grant,грант,accorder
grass,трава,gazon
grave,могила,tombe
gray,серый,gris
great,большой,génial
greatest,величайший,plus
green,зеленый,vert
grocery,Бакалея,épicerie
ground,земля,terre
group,группа,grouper
grow,расти,croître
growing,рост,croissance
growth,рост,croissance
guarantee,гарантия,garantie
guard,сторожить,garder
guess,угадать,devine
guest,гость,invité
guide,гид,guider
guideline,директива,ligne directrice
guilty,виновный,coupable
gun,пистолет,arme à feu
guy,парень,mec
habit,привычка,habitude
habitat,среда обитания,habitat
hair,волосы,Cheveu
half,половина,moitié
hall,зал,salle
hand,рука,main
handful,горсть,poignée
handle,ручка,manipuler
hang,вешать,pendre
happen,случаться,se produire
happy,счастливый,heureux
hard,жесткий,difficile
hardly,едва,à peine
hat,шляпа,chapeau
hate,ненавидеть,détester
have,имеют,avoir
he,он,il
head,глава,diriger
headline,Заголовок,gros titre
headquarters,штаб-квартира,quartier général
health,здоровье,santé
healthy,здоровый,sain
hear,слышать,écouter
hearing,слушание,audience
heart,сердце,cœur
heat,нагревать,Chauffer
heaven,небеса,paradis
heavily,сильно,fortement
heavy,тяжелый,lourd
heel,пятка,talon
height,высота,la taille
helicopter,вертолет,hélicoptère
hell,ад,enfer
hello,Привет,Bonjour
help,помощь,aider
helpful,полезный,utile
her,ее,sa
here,здесь,ici
heritage,наследство,patrimoine
hero,герой,héros
herself,саму себя,se
hey,Привет,Hey
hi,Привет,salut
hide,Спрятать,cacher
high,высокая,haute
highlight,выделять,surligner
highly,очень,très
highway,шоссе,Autoroute
hill,холм,colline
him,ему,lui
himself,сам,lui-même
hip,бедро,hanche
hire,прокат,embaucher
his,его,le sien
historian,историк,historien
historic,исторический,historique
historical,исторический,historique
history,история,l'histoire
hit,ударить,frappé
hold,держать,tenir
hole,отверстие,trou
holiday,день отдыха,vacances
holy,святой,Saint
home,дом,domicile
homeless,бездомный,sans abri
honest,честный,honnête
honey,медовый,mon chéri
honor,честь,honneur
hope,надеяться,espoir
horizon,горизонт,horizon
horror,фильм ужасов,horreur
horse,лошадь,cheval
hospital,больница,hôpital
host,хозяин,hôte
hot,горячий,chaud
hotel,отель,Hôtel
hour,час,heure
house,жилой дом,loger
household,семья,ménage
housing,Корпус,logement
how,как,comment
however,тем не мение,pourtant
huge,огромный,énorme
human,человек,Humain
humor,юмор,humour
hundred,сто,cent
hungry,голодный,faim
hunter,охотник,chasseur
hunting,охота,chasse
hurt,повредить,faire mal
husband,муж,mari
hypothesis,гипотеза,hypothèse
I,я,je
ice,лед,glace
idea,идея,idée
ideal,идеальный,idéal
identification,идентификация,identification
identify,идентифицировать,identifier
identity,личность,identité
ie,т.е.,c'est à dire
if,если,si
ignore,игнорировать,ignorer
ill,больной,malade
illegal,нелегальный,illégal
illness,болезнь,maladies
illustrate,иллюстрировать,illustrer
image,изображение,image
imagination,воображение,imagination
imagine,представить,imaginer
immediate,немедленный,immédiat
immediately,немедленно,immédiatement
immigrant,иммигрант,immigrant
immigration,иммиграция,immigration
impact,влияние,impacter
implement,осуществлять,mettre en œuvre
implication,импликация,implication
imply,подразумевать,impliquer
importance,важность,importance
important,важный,important
impose,навязывать,imposer
impossible,невозможно,impossible
impress,оттиска,impressionner
impression,впечатление,impression
impressive,впечатляющий,impressionnant
improve,улучшать,améliorer
improvement,улучшение,amélioration
in,в,dans
incentive,стимул,motivation
incident,инцидент,incident
include,включать,inclure
including,в том числе,comprenant
income,доход,le revenu
incorporate,Включайте,intégrer
increase,увеличивать,augmenter
increased,выросла,augmenté
increasing,повышение,en augmentant
increasingly,все больше и больше,de plus en plus
incredible,невероятный,incroyable
indeed,действительно,En effet
independence,независимость,indépendance
independent,независимый,indépendant
index,индекс,indice
Indian,индийский,Indien
indicate,указывать,indiquer
indication,индикация,indication
individual,физическое лицо,individuel
industrial,промышленные,industriel
industry,промышленность,industrie
infant,младенец,bébé
infection,инфекционное заболевание,infection
inflation,инфляция,inflation
influence,влияние,influence
inform,поставить в известность,informer
information,Информация,informations
ingredient,ингредиент,ingrédient
initial,исходный,initiale
initially,первоначально,initialement
initiative,инициатива,initiative
injury,"травма, повреждение",blessure
inner,внутренний,intérieur
innocent,невиновный,innocent
inquiry,расследование,enquête
inside,внутри,à l'intérieur
insight,на виду,aperçu
insist,настаивать,insister
inspire,вдохновлять,inspirer
install,установить,installer
instance,пример,exemple
instead,вместо,plutôt
institution,учреждение,institution
institutional,институциональных,institutionnel
instruction,инструкция,instruction
instructor,инструктор,instructeur
instrument,инструмент,instrument
insurance,страхование,Assurance
intellectual,интеллектуальной,intellectuel
intelligence,интеллект,intelligence
intend,намереваться,avoir l'intention
intense,интенсивный,intense
intensity,интенсивность,intensité
intention,намерение,intention
interaction,взаимодействие,interaction
interest,интерес,intérêt
interested,заинтересованный,intéressé
interesting,интересно,intéressant
internal,внутренний,interne
international,Международный,international
Internet,интернет,l'Internet
interpret,интерпретировать,interpréter
interpretation,интерпретация,interprétation
intervention,вмешательство,intervention
interview,интервью,entrevue
into,в,dans
introduce,представлять,présenter
introduction,вступление,introduction
invasion,вторжение,invasion
invest,вкладывать деньги,investir
investigate,расследовать,enquêter
investigation,изучение,enquête
investigator,следователь,enquêteur
investment,инвестиции,investissement
investor,инвестор,investisseur
invite,приглашать,inviter
involve,вовлекать,impliquer
involved,вовлеченный,impliqué
involvement,участие,participation
Iraqi,иракский,irakien
Irish,ирландский,irlandais
iron,утюг,le fer
Islamic,исламский,islamique
island,остров,île
Israeli,израильтянин,israélien
issue,проблема,publier
it,Это,il
Italian,итальянский,italien
item,пункт,Objet
its,это,son
itself,сам,lui-même
jacket,пиджак,veste
jail,тюрьма,geôle
Japanese,Японский,Japonais
jet,реактивный самолет,jet
Jew,еврей,Juif
Jewish,иудейский,juif
job,работа,travail
join,присоединиться,rejoindre
joint,соединение,découper
joke,шутить,blague
journal,журнал,journal
journalist,журналистка,journaliste
journey,путешествие,voyage
joy,радость,joie
judge,судить,juge
judgment,суждение,jugement
juice,сок,jus
jump,Прыгать,sauter
jury,жюри,jury
just,просто,juste
justice,справедливость,Justice
justify,оправдывать,justifier
keep,хранить,garder
key,ключ,clé
kick,пинать,coup
kid,дитя,enfant
kill,убийство,tuer
killer,убийца,tueur
killing,убийство,meurtre
kind,своего рода,gentil
king,король,Roi
kiss,целовать,embrasser
kitchen,кухня,cuisine
knee,колено,le genou
knife,нож,couteau
knock,постучать,frappe
know,знать,connaître
knowledge,знание,connaissances
lab,лаборатория,laboratoire
label,метка,étiqueter
labor,труд,la main d'oeuvre
laboratory,лаборатория,laboratoire
lack,недостаток,manquer de
lady,леди,la demoiselle
lake,озеро,Lac
land,земля,terre
landscape,пейзаж,paysage
language,язык,Langue
lap,колени,genoux
large,большой,grande
largely,во многом,en grande partie
last,последний,dernier
late,поздно,en retard
later,позже,plus tard
Latin,латинский,Latin
latter,последний,dernier
laugh,смех,rire
launch,запуск,lancement
law,закон,droit
lawn,лужайка,pelouse
lawsuit,судебный процесс,procès
lawyer,юрист,avocat
lay,класть,allonger
layer,слой,couche
lead,Свинец,conduire
leader,лидер,chef
leadership,руководство,leadership
leading,ведущий,premier
leaf,лист,feuille
league,лига,ligue
lean,худой,mince
learn,учить,apprendre
learning,обучение,apprentissage
least,наименее,moins
leather,натуральная кожа,cuir
leave,покинуть,quitter
left,оставил,la gauche
leg,нога,jambe
legacy,наследие,héritage
legal,правовой,légal
legend,легенда,Légende
legislation,законодательство,législation
legitimate,законный,légitime
lemon,лимон,citron
length,длина,longueur
less,меньше,moins
lesson,урок,leçon
let,позволять,laisser
letter,письмо,lettre
level,уровень,niveau
liberal,либеральный,libéral
library,библиотека,bibliothèque
license,лицензия,Licence
lie,ложь,mensonge
life,жизнь,vie
lifestyle,Стиль жизни,mode de vie
lifetime,продолжительность жизни,durée de vie
lift,поднимать,ascenseur
light,свет,lumière
like,нравиться,aimer
likely,вероятный,probable
limit,предел,limite
limitation,ограничение,limitation
limited,ограничено,limité
line,линия,ligne
link,ссылка на сайт,relier
lip,губа,lèvre
list,список,liste
listen,Слушать,Ecoutez
literally,буквально,au sens propre
literary,литературный,littéraire
literature,литература,Littérature
little,маленький,peu
live,жить,habitent
living,жизнь,vivant
load,нагрузка,charge
loan,заем,prêt
local,местный,local
locate,разместить,Localiser
location,место расположения,emplacement
lock,замок,fermer à clé
long,длинный,longue
long-term,долгосрочный,long terme
look,смотрю,voir
loose,свободный,ample
lose,терять,perdre
loss,потеря,perte
lost,потерянный,perdu
lot,много,parcelle
lots,много,beaucoup
loud,громкий,fort
love,любовь,l'amour
lovely,прекрасный,beau
lover,возлюбленный,amant
low,низкий,faible
lower,ниже,plus bas
luck,удача,chance
lucky,везучий,chanceux
lunch,обед,déjeuner
lung,легкое,poumon
machine,машина,machine
mad,без ума,furieux
magazine,журнал,magazine
mail,Почта,poster
mainly,в основном,surtout
maintain,поддерживать,maintenir
maintenance,Обслуживание,maintenance
major,главный,Majeur
majority,большинство,majorité
make,делать,Fabriquer
maker,производитель,fabricant
makeup,"макияж, мириться",se réconcilier
male,мужчина,Masculin
mall,торговый центр,centre commercial
man,человек,homme
manage,управлять,faire en sorte
management,управление,la gestion
manager,менеджер,directeur
manner,манера,manière
manufacturer,производитель,fabricant
manufacturing,производство,fabrication
many,многие,beaucoup
map,карта,carte
margin,поле,marge
mark,отметка,marque
market,рынок,marché
marketing,маркетинг,commercialisation
marriage,брак,mariage
married,в браке,marié
marry,жениться,marier
mask,маскировать,masquer
mass,масса,Masse
massive,массивный,massif
master,владелец,Maître
match,матч,correspondre
material,материал,Matériel
math,математический,math
matter,иметь значение,matière
may,май,mai
maybe,может быть,peut être
mayor,мэр,maire
me,меня,moi
meal,еда,repas
mean,иметь в виду,moyenne
meaning,имея в виду,sens
meanwhile,тем временем,pendant ce temps
measure,мера,mesure
measurement,измерение,la mesure
meat,мясо,Viande
mechanism,механизм,mécanisme
media,СМИ,médias
medical,медицинская,médical
medication,медикамент,des médicaments
medicine,медицина,Médicament
medium,Средняя,moyen
meet,встретиться,rencontrer
meeting,встреча,Rencontre
member,член,membre
membership,членство,adhésion
memory,объем памяти,Mémoire
mental,умственный,mental
mention,упомянуть,mention
menu,меню,menu
mere,простой,simple
merely,просто,seulement
mess,беспорядок,désordre
message,сообщение,un message
metal,металл,métal
meter,метр,mètre
method,метод,méthode
Mexican,мексиканец,mexicain
middle,середина,milieu
might,мощь,force
military,военный,militaire
milk,молоко,lait
million,миллиона,million
mind,разум,écouter
mine,мой,mien
minister,министр,ministre
minor,незначительный,mineur
minority,меньшинство,minorité
minute,минут,minute
miracle,чудо,miracle
mirror,зеркало,miroir
miss,скучать,Mademoiselle
missile,ракета,missile
mission,миссия,mission
mistake,ошибка,erreur
mix,смешивание,mélanger
mixture,смесь,mélange
mm-hmm,мм гм,mm-hmm
mode,Режим,mode
model,модель,maquette
moderate,умеренный,modérer
modern,современный,moderne
modest,скромный,modeste
mom,Мама,maman
moment,момент,moment
money,Деньги,de l'argent
monitor,монитор,surveiller
month,месяц,mois
mood,настроение,ambiance
moon,Луна,lune
moral,моральный,moral
more,более,Suite
moreover,более того,en outre
morning,утро,Matin
mortgage,ипотечный кредит,hypothèque
most,наиболее,les plus
mostly,по большей части,la plupart
mother,мама,mère
motion,движение,mouvement
motivation,мотивация,motivation
motor,двигатель,moteur
mount,устанавливать,monter
mountain,гора,montagne
mouse,мышь,Souris
mouth,рот,bouche
move,двигаться,bouge toi
movement,движение,mouvement
movie,кино,film
Mr,Мистер,m
Mrs,Миссис,Madame
Ms,РС,Mme
much,много,beaucoup
multiple,несколько,plusieurs
murder,убийство,meurtre
muscle,мускул,muscle
museum,музей,musée
music,Музыка,musique
musical,музыкальный,musical
musician,музыкант,musicien
Muslim,мусульманка,musulman
must,должен,doit
mutual,взаимный,mutuel
my,мой,ma
myself,сам,moi même
mystery,тайна,mystère
myth,миф,mythe
naked,обнаженный,nu
name,название,Nom
narrative,повествование,récit
narrow,узкий,étroit
nation,нация,nation
national,национальный,nationale
native,родной,originaire de
natural,естественный,Naturel
naturally,естественно,naturellement
nature,природа,nature
near,возле,près
nearby,рядом,proche
nearly,Около,presque
necessarily,обязательно,nécessairement
necessary,нужно,nécessaire
neck,шея,cou
need,нужно,besoin
negative,отрицательный,négatif
negotiate,вести переговоры,négocier
negotiation,Переговоры,négociation
neighbor,сосед,voisin
neighborhood,район,quartier
neither,ни один,ni
nerve,нерв,nerf
nervous,нервный,nerveux
net,сеть,rapporter
network,сеть,réseau
never,никогда,jamais
nevertheless,тем не менее,cependant
new,новый,Nouveau
newly,вновь,nouvellement
news,Новости,nouvelles
newspaper,газета,journal
next,следующий,suivant
nice,красивый,agréable
night,ночь,nuit
nine,девять,neuf
no,нет,non
nobody,никто,personne
nod,кивок,hocher la tête
noise,шум,bruit
nomination,назначение,nomination
none,никто,rien
nonetheless,тем не менее,néanmoins
nor,ни,ni
normal,обычный,Ordinaire
normally,обычно,normalement
north,к северу,Nord
northern,северный,nord
nose,нос,nez
not,нет,ne pas
note,Примечание,Remarque
nothing,ничего такого,rien
notice,уведомление,remarquer
notion,понятие,notion
novel,Роман,roman
now,сейчас,à présent
nowhere,нигде,nulle part
n't,не,NT
nuclear,ядерной,nucléaire
number,номер,numéro
numerous,многочисленные,nombreux
nurse,медсестра,infirmière
nut,орех,noix
object,объект,objet
objective,цель,objectif
obligation,обязательство,obligation
observation,наблюдение,observation
observe,наблюдать,observer
observer,наблюдатель,observateur
obtain,получать,obtenir
obvious,очевидный,évident
obviously,очевидно,évidemment
occasion,случай,occasion
occasionally,изредка,parfois
occupation,оккупация,Occupation
occupy,оккупировать,occuper
occur,происходить,se produire
ocean,океан,océan
odd,странный,impair
odds,шансы,chances
of,из,de
off,выключенный,désactivé
offense,преступление,infraction
offensive,оскорбительный,offensive
offer,предложение,offrir
office,офис,Bureau
officer,сотрудник,officier
official,официальный,officiel
often,довольно часто,souvent
oh,ой,Oh
oil,масло,huile
ok,ОК,d'accord
okay,хорошо,d'accord
old,Старый,vieille
Olympic,олимпийский,olympique
on,на,au
once,однажды,une fois que
one,один,une
ongoing,непрерывный,en cours
onion,лук,oignon
online,онлайн,en ligne
only,Только,seul
onto,на,sur
open,открыто,ouvert
opening,открытие,ouverture
operate,работать,fonctionner
operating,операционная,en fonctionnement
operation,операция,opération
operator,оператор,opérateur
opinion,мнение,avis
opponent,противник,adversaire
opportunity,возможность,occasion
oppose,оппонировать,s'opposer
opposite,противоположный,opposé
opposition,оппозиция,opposition
option,вариант,option
or,или же,ou alors
orange,апельсин,Orange
order,заказывать,ordre
ordinary,обычный,ordinaire
organic,органический,biologique
organization,организация,organisation
organize,организовать,organiser
orientation,ориентация,orientation
origin,источник,origine
original,оригинал,original
originally,первоначально,à l'origine
other,Другие,autre
others,другие,autres
otherwise,иначе,autrement
ought,должен,devrait
our,наш,notre
ourselves,сами,nous-mêmes
out,вне,en dehors
outcome,исход,résultat
outside,за пределами,dehors
oven,печь,four
over,над,plus de
overall,общий,globalement
overcome,превосходить,surmonter
overlook,игнорировать,négliger
owe,быть должным,devoir
own,собственный,propre
owner,владелец,propriétaire
pace,шаг,rythme
pack,пакет,pack
package,упаковка,paquet
page,страница,page
pain,боль,la douleur
painful,болезненный,douloureux
paint,покрасить,Peinture
painter,художник,peintre
painting,картина,La peinture
pair,пара,paire
pale,бледный,pâle
Palestinian,палестинец,palestinien
palm,ладонь,paume
pan,кастрюля,poêle
panel,панель,panneau
pant,пыхтеть,haleter
paper,бумага,papier
parent,родитель,parent
park,парк,se garer
parking,стоянка,parking
part,часть,partie
participant,участник,participant
participate,принимать участие,participer
participation,участие,participation
particular,специфический,particulier
particularly,особенно,particulièrement
partly,частично,partiellement
partner,партнер,partenaire
partnership,партнерство,Partenariat
party,вечеринка,fête
pass,проходить,passe
passage,проход,passage
passenger,пассажир,passager
passion,страсть,la passion
past,мимо,passé
patch,пластырь,pièce
path,дорожка,chemin
patient,пациент,patient
pattern,шаблон,schéma
pause,Пауза,pause
pay,платить,Payer
payment,оплата,Paiement
PC,ПК,ordinateur personnel
peace,мир,paix
peak,пик,Pic
peer,вглядеться,pair
penalty,штраф,peine
people,люди,gens
pepper,перец,poivre
per,в,par
perceive,понимать,apercevoir
percentage,процент,pourcentage
perception,восприятие,la perception
perfect,идеально,parfait
perfectly,отлично,à la perfection
perform,выполнять,effectuer
performance,представление,performance
perhaps,возможно,peut-être
period,период,période
permanent,постоянный,permanent
permission,разрешение,autorisation
permit,разрешать,permis
person,человек,personne
personal,личный,personnel
personality,личность,personnalité
personally,лично,personnellement
personnel,персонал,personnel
perspective,перспектива,perspective
persuade,убеждать,persuader
pet,домашний питомец,animaux
phase,фаза,phase
phenomenon,явление,phénomène
philosophy,философия,philosophie
phone,Телефон,téléphoner
photo,Фото,photo
photograph,фотография,photographier
photographer,фотограф,photographe
phrase,фраза,phrase
physical,физическое,physique
physically,физически,physiquement
physician,врач,médecin
piano,пианино,piano
pick,выбирать,prendre
picture,картина,photo
pie,пирог,tarte
piece,кусок,pièce
pile,куча,pile
pilot,пилот,pilote
pine,сосна,pin
pink,розовый,rose
pipe,трубка,tuyau
pitch,подача,terrain
place,место,endroit
plan,строить планы,plan
plane,самолет,avion
planet,планета,planète
planning,планирование,Planification
plant,растение,plante
plastic,пластик,Plastique
plate,пластина,assiette
platform,Платформа,Plate-forme
play,играть,jouer
player,игрок,joueur
please,пожалуйста,s'il te plaît
pleasure,удовольствие,plaisir
plenty,множество,beaucoup
plot,участок,parcelle
plus,плюс,plus
PM,ВЕЧЕРА,PM
pocket,карман,poche
poem,стихотворение,poème
poet,поэт,poète
poetry,поэзия,poésie
point,точка,point
pole,столб,pôle
police,полиция,police
policy,политика,politique
political,политическая,politique
politically,политически,politiquement
politician,политик,politicien
politics,политика,politique
poll,голосование,sondage
pollution,загрязнение,la pollution
pool,бассейн,bassin
poor,бедные,pauvres
pop,поп,pop
popular,популярный,populaire
population,Население,population
porch,порог,porche
port,порт,Port
portion,часть,portion
portrait,портрет,portrait
portray,изобразить,représenter
pose,поза,pose
position,должность,positionner
positive,положительный,positif
possess,владеть,posséder
possibility,возможность,possibilité
possible,возможный,possible
possibly,возможно,peut-être
post,Почта,Publier
pot,горшок,pot
potato,картофель,Patate
potential,потенциал,potentiel
potentially,потенциально,potentiellement
pound,фунт,broyer
pour,наливать,verser
poverty,бедность,la pauvreté
powder,пудра,poudre
power,мощность,Puissance
powerful,мощный,puissant
practical,практическое,pratique
practice,упражняться,entraine toi
pray,молиться,prier
prayer,молитва,prière
precisely,точно,précisément
predict,предсказывать,prédire
prefer,предпочитать,préférer
preference,предпочтение,préférence
pregnancy,беременность,grossesse
pregnant,беременная,Enceinte
preparation,подготовка,préparation
prepare,подготовить,préparer
prescription,рецепт,prescription
presence,присутствие,présence
present,настоящее время,cadeau
presentation,презентация,présentation
preserve,сохранять,préserver
president,президент,Président
presidential,президентских,présidentiel
press,Нажмите,presse
pressure,давление,pression
pretend,делать вид,faire semblant
pretty,симпатичный,joli
prevent,предотвращать,empêcher
previous,предыдущий,précédent
previously,ранее,précédemment
price,цена,le prix
pride,гордость,Orgueil
priest,священник,prêtre
primarily,прежде всего,principalement
primary,начальный,primaire
prime,основной,premier
principal,главный,principal
principle,принцип,principe
print,Распечатать,imprimer
prior,прежний,avant
priority,приоритет,priorité
prison,тюрьма,prison
prisoner,заключенный,prisonnier
privacy,Конфиденциальность,intimité
private,частный,privé
probably,наверное,Probablement
problem,проблема,problème
procedure,процедура,procédure
proceed,продолжить,procéder
process,процесс,traiter
produce,производить,produire
producer,режиссер,producteur
product,продукт,produit
production,производство,production
profession,профессия,profession
professional,профессиональный,professionnel
professor,профессор,professeur
profile,профиль,profil
profit,выгода,profit
program,программа,programme
progress,прогресс,le progrès
project,проект,projet
prominent,видный,important
promise,обещать,promettre
promote,продвигать,promouvoir
prompt,Подсказка,rapide
proof,доказательство,preuve
proper,правильный,correct
properly,должным образом,correctement
property,имущество,propriété
proportion,доля,proportion
proposal,предложение,proposition
propose,предложить,proposer
proposed,предложил,proposé
prosecutor,прокурор,procureur
prospect,перспектива,perspective
protect,защищать,protéger
protection,защита,protection
protein,белок,protéine
protest,протест,manifestation
proud,гордый,fier
prove,доказывать,prouver
provide,предоставлять,apporter
provider,поставщик,fournisseur
province,провинция,Province
provision,обеспечение,disposition
psychological,психологический,psychologique
psychologist,психолог,psychologue
psychology,психология,psychologie
public,общественности,Publique
publication,публикация,publication
publicly,публично,publiquement
publish,публиковать,publier
publisher,издатель,éditeur
pull,тянуть,tirer
punishment,наказание,Châtiment
purchase,покупка,achat
pure,чистый,pur
purpose,цель,objectif
pursue,преследовать,poursuivre
push,толкать,pousser
put,ставить,mettre
qualify,квалифицировать,qualifier
quality,качество,qualité
quarter,четверть,trimestre
quarterback,защитник,stratège
question,вопрос,question
quick,быстро,rapide
quickly,быстро,rapidement
quiet,тихий,calmer
quietly,тихо,tranquillement
quit,покидать,quitter
quite,довольно,assez
quote,Цитировать,citation
race,гонка,course
racial,расовый,racial
radical,радикал,radical
radio,радио,radio
rail,рельс,rail
rain,дождь,pluie
raise,поднимать,élever
range,диапазон,intervalle
rank,классифицировать,rang
rapid,стремительный,rapide
rapidly,быстро,rapidement
rare,редкий,peu fréquent
rarely,редко,rarement
rate,показатель,taux
rather,скорее,plutôt
rating,рейтинг,notation
ratio,соотношение,rapport
raw,сырой,cru
reach,достигать,atteindre
react,реагировать,réagir
reaction,реакция,réaction
read,читать,lis
reader,читатель,lecteur
reading,чтение,en train de lire
ready,готовы,prêt
real,настоящий,réel
reality,реальность,réalité
realize,понимать,prendre conscience de
really,В самом деле,vraiment
reason,причина,raison
reasonable,разумный,raisonnable
recall,отзывать,rappeler
receive,получить,recevoir
recent,недавний,récent
recently,совсем недавно,récemment
recipe,рецепт приготовления,Recette
recognition,признание,reconnaissance
recognize,распознавать,reconnaître
recommend,рекомендую,recommander
recommendation,рекомендация,recommandation
record,записывать,enregistrer
recording,запись,enregistrement
recover,восстанавливаться,se remettre
recovery,восстановление,récupération
recruit,принимать на работу,recruter
red,красный,rouge
reduce,уменьшать,réduire
reduction,снижение,réduction
refer,ссылаться,référer
reference,Справка,référence
reflect,отражать,réfléchir
reflection,отражение,réflexion
reform,реформа,réforme
refugee,беженец,réfugié
refuse,мусор,refuser
regard,внимание,ce qui concerne
regarding,касательно,En ce qui concerne
regardless,несмотря на,quand même
regime,режим,régime
region,"область, край",Région
regional,региональный,régional
register,регистр,S'inscrire
regular,обычный,ordinaire
regularly,регулярно,régulièrement
regulate,регулировать,réglementer
regulation,регулирование,régulation
reinforce,усиливать,renforcer
reject,отклонять,rejeter
relate,относиться,relater
relation,связь,relation
relationship,отношение,relation
relative,родственник,relatif
relatively,относительно,relativement
relax,расслабляться,Détendez-vous
release,релиз,Libération
relevant,уместным,pertinent
relief,облегчение,soulagement
religion,религия,religion
religious,религиозная,religieux
rely,полагаться,compter
remain,оставаться,rester
remaining,осталось,restant
remarkable,замечательный,remarquable
remember,помнить,souviens toi
remind,напоминать,rappeler
remote,удаленный,à distance
remove,Удалить,supprimer
repeat,повторить,répéter
repeatedly,несколько раз,à plusieurs reprises
replace,заменять,remplacer
reply,Ответить,réponse
report,отчет,rapport
reporter,репортер,journaliste
represent,представлять,représenter
representation,представление,représentation
representative,представитель,représentant
Republican,республиканец,Républicain
reputation,репутации,réputation
request,запрос,demander
require,требовать,exiger
requirement,требование,exigence
research,исследовать,recherche
researcher,Исследователь,chercheur
resemble,напоминать,ressembler
reservation,бронирование,réservation
resident,резидент,résident
resistance,сопротивление,la résistance
resolution,разрешающая способность,résolution
resolve,разрешить,résoudre
resort,прибегнуть,recours
resource,ресурс,Ressource
respect,уважать,le respect
respond,отвечать,répondre
respondent,ответчик,intimé
response,отклик,réponse
responsibility,обязанность,responsabilité
responsible,ответственный,responsable
rest,отдых,du repos
restaurant,ресторан,le restaurant
restore,восстановить,restaurer
restriction,ограничение,restriction
result,результат,résultat
retain,удерживать,conserver
retire,выходить на пенсию,se retirer
retirement,отставка,retraite
return,возвращаться,revenir
reveal,раскрывать,faire apparaître
revenue,доход,revenu
review,рассмотрение,revoir
revolution,революция,révolution
rhythm,ритм,rythme
rice,рис,riz
rich,богатый,riche
rid,избавлять,débarrasser
ride,поездка,conduire
rifle,винтовка,fusil
right,верно,droite
ring,звенеть,bague
rise,подъем,se lever
risk,риск,risque
river,река,fleuve
road,Дорога,route
rock,рок,rocheux
role,роль,rôle
roll,рулон,rouleau
romantic,романтик,romantique
roof,крыша,toit
room,номер,chambre
root,корень,racine
rope,веревка,corde
rose,Роза,Rose
rough,грубый,rugueux
roughly,грубо,grossièrement
round,круглый,rond
route,маршрут,route
routine,рутина,routine
row,строка,ligne
rub,тереть,frotter
rule,правило,régner
run,запустить,Cours
running,Бег,fonctionnement
rural,деревенский,rural
rush,порыв,se ruer
Russian,русский,russe
sacred,священный,sacré
sad,грустный,triste
safe,безопасный,sûr
safety,безопасность,sécurité
sake,ради,Saké
salad,салат,salade
salary,оплата труда,un salaire
sale,распродажа,vendre
sales,продажи,Ventes
salt,соль,sel
same,одно и тоже,même
sample,образец,goûter
sanction,санкция,sanction
sand,песок,le sable
satellite,спутник,Satellite
satisfaction,удовлетворение,la satisfaction
satisfy,удовлетворять,satisfaire
sauce,соус,sauce
save,спасти,sauvegarder
saving,экономия,économie
say,сказать,dire
scale,шкала,escalader
scandal,скандал,scandale
scared,испуганный,effrayé
scenario,сценарий,scénario
scene,сцена,scène
schedule,расписание,horaire
scheme,схема,schème
scholar,ученый,savant
scholarship,стипендия,Bourse
school,школа,école
science,наука,la science
scientific,научный,scientifique
scientist,ученый,scientifique
scope,сфера,portée
score,счет,But
scream,крик,pousser un cri
screen,экран,écran
script,скрипт,scénario
sea,море,mer
search,поиск,rechercher
season,время года,saison
seat,сиденье,siège
second,второй,deuxième
secret,секрет,secret
secretary,секретарь,secrétaire
section,раздел,section
sector,сектор,secteur
secure,безопасный,sécurise
security,безопасность,Sécurité
see,видеть,voir
seed,семя,planter
seek,стремиться,chercher
seem,казаться,sembler
segment,сегмент,segment
seize,воспользоваться,s'emparer de
select,Выбрать,sélectionner
selection,выбор,sélection
self,себя,soi
sell,продавать,vendre
Senate,сенат,Sénat
senator,сенатор,sénateur
send,Отправить,envoyer
senior,старший,Sénior
sense,смысл,sens
sensitive,чувствительный,sensible
sentence,приговор,phrase
separate,отдельный,séparé
sequence,последовательность,séquence
series,ряд,séries
serious,серьезный,sérieux
seriously,шутки в сторону,sérieusement
serve,обслуживать,servir
service,услуга,un service
session,сессия,session
set,набор,ensemble
setting,параметр,réglage
settle,решить,régler
settlement,урегулирование,règlement
seven,Семь,Sept
several,несколько,plusieurs
severe,серьезный,sévère
sex,секс,sexe
sexual,половой,sexuel
shade,оттенок,ombre
shadow,тень,ombre
shake,сотрясения,secouer
shall,должен,doit
shape,форма,façonner
share,Поделиться,partager
sharp,острый,pointu
she,она,elle
sheet,простынь,feuille
shelf,полка,étagère
shell,оболочка,coquille
shelter,приют,abri
shift,сдвиг,changement
shine,светить,briller
ship,корабль,bateau
shirt,Рубашка,la chemise
shit,дерьмо,merde
shock,шок,choc
shoe,башмак,chaussure
shoot,стрелять,tirer
shooting,стрельба,tournage
shop,магазин,magasin
shopping,поход по магазинам,achats
shore,берег,rive
short,короткая,court
shortly,вскоре,prochainement
shot,выстрелил,tirer
should,должен,devrait
shoulder,плечо,épaule
shout,кричать,crier
show,показывать,spectacle
shower,душ,douche
shrug,пожимание плечами,hausser les épaules
shut,закрыть,fermer
sick,больной,malade
side,боковая сторона,côté
sigh,вздох,soupir
sight,зрение,vue
sign,знак,signe
signal,сигнал,signal
significance,значимость,importance
significant,значительный,important
significantly,существенно,significativement
silence,тишина,silence
silent,тихий,silencieux
silver,серебро,argent
similar,похожий,similaire
similarly,по аналогии,De même
simple,просто,Facile
simply,просто,simplement
sin,грех,péché
since,поскольку,puisque
sing,петь,chanter
singer,певец,chanteur
single,Один,Célibataire
sink,раковина,couler
sir,сэр,Monsieur
sister,сестра,sœur
sit,сидеть,asseoir
site,сайт,placer
situation,ситуация,situation
six,шесть,six
size,размер,Taille
ski,лыжа,ski
skill,навык,compétence
skin,кожа,peau
sky,небо,ciel
slave,раб,trimer
sleep,спать,dormir
slice,ломтик,tranche
slide,горка,faire glisser
slight,незначительный,léger
slightly,немного,légèrement
slip,соскальзывать,glisser
slow,медленный,ralentir
slowly,медленно,lentement
small,небольшой,petit
smart,умная,intelligent
smell,запах,sentir
smile,улыбка,le sourire
smoke,дым,fumée
smooth,гладкий,lisse
snap,щелчок,se casser
snow,снег,neige
so,так,donc
so-called,так называемые,soi-disant
soccer,футбольный,le football
social,Социальное,social
society,общество,société
soft,мягкий,"mou, tendre"
software,программное обеспечение,Logiciel
soil,почва,sol
solar,солнечный,solaire
soldier,солдат,soldat
solid,твердый,solide
solution,решение,solution
solve,решать,résoudre
some,некоторый,quelque
somebody,кто-нибудь,quelqu'un
somehow,как-то,d'une manière ou d'une autre
someone,кто-то,Quelqu'un
something,что-нибудь,quelque chose
sometimes,иногда,parfois
somewhat,в некотором роде,quelque peu
somewhere,где-то,quelque part
son,сын,fils
song,песня,chanson
soon,скоро,bientôt
sophisticated,сложный,sophistiqué
sorry,Извините,Pardon
sort,Сортировать,sorte
soul,душа,âme
sound,звук,sonner
soup,суп,soupe
source,источник,la source
south,юг,Sud
southern,южный,du sud
Soviet,советский,soviétique
space,космос,espace
Spanish,испанский,Espanol
speak,говорить,parler
speaker,оратор,orateur
special,специальный,spécial
specialist,специалист,spécialiste
species,разновидность,espèce
specific,конкретный,spécifique
specifically,конкретно,Plus précisément
speech,речь,parole
speed,скорость,la vitesse
spend,проводить,dépenser
spending,расходы,dépenses
spin,вращение,tourner
spirit,дух,esprit
spiritual,духовный,spirituel
split,расколоть,diviser
spokesman,представитель,porte-parole
sport,спорт,sport
spot,место,endroit
spread,распространение,diffuser
spring,весна,printemps
square,квадратный,carré
squeeze,сжимать,presser
stability,стабильность,stabilité
stable,стабильный,stable
staff,персонал,Personnel
stage,сцена,étape
stair,ступенька,escalier
stake,доля,pieu
stand,стоять,supporter
standard,стандарт,la norme
standing,постоянный,debout
star,звезда,Star
stare,глазеть,regard
start,Начало,démarrer
state,государственный,Etat
statement,утверждение,déclaration
station,станция,gare
statistics,статистика,statistiques
status,статус,statut
stay,остаться,rester
steady,устойчивый,constant
steal,воровать,voler
steel,стали,acier
step,шаг,marcher
stick,палка,coller
still,по-прежнему,encore
stir,размешивать,remuer
stock,склад,Stock
stomach,желудок,estomac
stone,камень,Pierre
stop,останавливаться,arrêter
storage,место хранения,stockage
store,хранить,boutique
storm,гроза,tempête
story,сказка,histoire
straight,прямой,droit
strange,странный,étrange
stranger,чужой человек,étranger
strategic,стратегическое,stratégique
strategy,стратегия,stratégie
stream,поток,flux
street,улица,rue
strength,сила,force
strengthen,усилить,renforcer
stress,стресс,stress
stretch,протяжение,s'étirer
strike,наносить удар,frapper
string,нить,chaîne
strip,полоска,déshabiller
stroke,Инсульт,coup
strong,сильный,fort
strongly,сильно,fortement
structure,состав,structure
struggle,борьба,lutte
student,ученик,élève
studio,студия,studio
study,изучение,étude
stuff,вещи,truc
stupid,глупый,stupide
style,стиль,style
subject,предмет,matière
submit,представить,nous faire parvenir
subsequent,последующий,subséquent
substance,вещество,substance
substantial,существенный,substantiel
succeed,добиться успеха,réussir
success,успех,Succès
successfully,успешно,avec succès
such,такой,tel
sudden,внезапный,soudain
suddenly,"вдруг, внезапно",tout à coup
sue,Сью,poursuivre en justice
suffer,страдать,souffrir
sufficient,достаточный,suffisant
sugar,сахар,du sucre
suggest,предложить,suggérer
suggestion,предложение,suggestion
suicide,самоубийство,suicide
suit,подходить,costume
summer,летом,l'été
summit,встреча на высшем уровне,sommet
sun,солнце,Soleil
super,супер,super
supply,поставлять,la fourniture
support,служба поддержки,Support
supporter,сторонник,Supporter
suppose,предполагать,supposer
supposed,предполагаемый,supposé
Supreme,Верховный,Suprême
sure,Конечно,Bien sur
surely,конечно,sûrement
surface,поверхность,surface
surgery,операция,chirurgie
surprise,сюрприз,surprendre
surprised,удивлены,surpris
surprising,удивительный,surprenant
surprisingly,удивительно,étonnamment
surround,окружать,entourer
survey,опрос,enquête
survival,выживание,survie
survive,выживать,survivre
survivor,уцелевший,survivant
suspect,подозревать,suspect
sustain,поддерживать,soutenir
swear,ругаться,jurer
sweep,сметать,balayer
sweet,сладкий,doux
swim,плавать,nager
swing,качать,se balancer
switch,выключатель,changer
symbol,символ,symbole
symptom,симптом,symptôme
system,система,système
table,Таблица,tableau
tablespoon,столовая ложка,cuillerée à soupe
tactic,тактика,tactique
tail,хвост,queue
take,брать,prendre
tale,рассказ,conte
talent,талант,Talent
talk,говорить,parlez
tall,высокий,grand
tank,бак,Char
tap,кран,robinet
tape,Лента,enregistrer
target,цель,cible
task,задача,tâche
taste,вкус,goût
tax,налог,impôt
taxpayer,налогоплательщик,contribuable
tea,чай,thé
teach,учить,apprendre
teacher,учитель,prof
teaching,обучение,enseignement
team,команда,équipe
tear,рвать,larme
teaspoon,чайная ложка,cuillère à café
technical,технический,technique
technique,техника,technique
technology,технология,La technologie
teen,подросток,adolescent
teenager,подросток,adolescent
telephone,телефон,Téléphone
telescope,телескоп,télescope
television,телевидение,télévision
tell,рассказать,raconter
temperature,температура,Température
temporary,временный,temporaire
ten,десять,Dix
tend,иметь тенденцию,tendre
tendency,тенденция,tendance
tennis,большой теннис,tennis
tension,напряжение,tension
tent,палатка,tente
term,срок,terme
terms,термины,termes
terrible,ужасный,terrible
territory,территория,territoire
terror,террор,la terreur
terrorism,терроризм,terrorisme
terrorist,террорист,terroriste
test,контрольная работа,test
testify,давать показания,témoigner
testimony,свидетельство,témoignage
testing,тестирование,essai
text,текст,texte
than,чем,que
thank,благодарить,remercier
thanks,Благодарность,Merci
that,что,cette
the,,les
theater,театр,théâtre
their,их,leur
them,их,eux
theme,тема,thème
themselves,сами себя,eux-mêmes
then,тогда,ensuite
theory,теория,théorie
therapy,терапия,thérapie
there,там,là
therefore,следовательно,donc
these,эти,celles-ci
they,Они,elles ou ils
thick,толстый,épais
thin,тонкий,mince
thing,вещь,chose
think,считать,pense
thinking,мышление,pensée
third,в третьих,la troisième
thirty,30,30
this,это,cette
those,те,ceux
though,хоть,mais
thought,мысль,pensée
thousand,тысяча,mille
threat,угроза,menace
threaten,угрожать,menacer
three,три,Trois
throat,горло,gorge
through,через,à travers
throughout,через,tout au long de
throw,бросать,lancer
thus,таким образом,Donc
ticket,проездной билет,billet
tie,галстук,nouer
tight,тугой,serré
time,время,temps
tiny,крошечный,tout petit
tip,кончик,Astuce
tire,шина,pneu
tired,устала,fatigué
tissue,ткань,tissu
title,заглавие,Titre
to,к,à
tobacco,табак,le tabac
today,Cегодня,aujourd'hui
toe,палец на ноге,doigt de pied
together,все вместе,ensemble
tomato,помидор,tomate
tomorrow,завтра,demain
tone,тон,Ton
tongue,язык,langue
tonight,сегодня ночью,ce soir
too,тоже,trop
tool,инструмент,outil
tooth,зуб,dent
top,вершина,Haut
topic,тема,sujet
toss,жеребьевка,lancer
total,общее,le total
totally,полностью,totalement
touch,трогать,toucher
tough,жесткий,difficile
tour,тур,visiter
tourist,турист,touristique
tournament,турнир,tournoi
toward,к,vers
towards,в направлении,envers
tower,башня,la tour
town,городок,ville
toy,игрушка,jouet
trace,след,trace
track,отслеживать,Piste
trade,торговля,Commerce
tradition,традиция,tradition
traditional,традиционный,traditionnel
traffic,движение,circulation
tragedy,трагедия,la tragédie
trail,тащить,Piste
train,тренироваться,former
training,обучение,formation
transfer,перевод,transfert
transform,преобразование,transformer
transformation,преобразование,transformation
transition,переход,transition
translate,переведите,Traduire
transportation,транспорт,transport
travel,путешествовать,Voyage
treat,удовольствие,traiter
treatment,лечение,traitement
treaty,договор,traité
tree,дерево,arbre
tremendous,огромный,énorme
trend,тенденция,tendance
trial,пробный,essai
tribe,племя,tribu
trick,обманывать,tour
trip,поездка,voyage
troop,войска,troupe
trouble,беда,problème
truck,грузовик,un camion
TRUE,ПРАВДА,VRAI
truly,действительно,vraiment
trust,доверять,confiance
truth,правда,vérité
try,пытаться,essayer
tube,трубка,tube
tunnel,тоннель,tunnel
turn,повернуть,tour
TV,Телевизор,la télé
twelve,двенадцать,Douze
twenty,двадцать,vingt
twice,дважды,à deux reprises
twin,близнец,double
two,два,deux
type,тип,taper
typical,типичный,typique
typically,типично,typiquement
ugly,уродливый,moche
ultimate,окончательный,ultime
ultimately,в конечном счете,en fin de compte
unable,не в состоянии,incapable
uncle,дядя,oncle
under,под,en dessous de
undergo,претерпевать,subir
understand,понимать,comprendre
understanding,понимание,compréhension
unfortunately,к несчастью,Malheureusement
uniform,единообразный,uniforme
union,союз,syndicat
unique,уникальный,unique
unit,Ед. изм,unité
United,объединенный,Uni
universal,универсальный,universel
universe,вселенная,univers
university,Университет,Université
unknown,неизвестный,inconnu
unless,пока не,à moins que
unlike,в отличие,contrairement à
unlikely,вряд ли,improbable
until,до того как,jusqu'à ce que
unusual,необычный,inhabituel
up,вверх,en haut
upon,на,sur
upper,верхний,plus haut
urban,городской,Urbain
urge,побуждать,exhorter
us,нас,nous
use,использовать,utiliser
used,использовал,utilisé
useful,полезный,utile
user,Пользователь,utilisateur
usual,обычный,habituel
usually,обычно,d'habitude
utility,полезность,utilitaire
vacation,отпуск,vacances
valley,Долина,vallée
valuable,ценный,précieux
value,значение,valeur
variable,Переменная,variable
variation,изменение,variation
variety,разнообразие,variété
various,разные,divers
vary,отличаться,varier
vast,огромный,vaste
vegetable,овощной,légume
vehicle,транспортное средство,véhicule
venture,риск,entreprise
version,версия,version
versus,против,contre
very,очень,très
vessel,судно,navire
veteran,ветеран,vétéran
via,через,passant par
victim,жертва,victime
victory,победа,la victoire
video,видео,vidéo
view,Посмотреть,vue
viewer,зритель,téléspectateur
village,деревня,village
violate,нарушать,violer
violation,нарушение,violation
violence,насилие,la violence
violent,жестокий,violent
virtually,фактически,virtuellement
virtue,добродетель,vertu
virus,вирус,virus
visible,видимый,visible
vision,зрение,vision
visit,посещение,visite
visitor,посетитель,visiteur
visual,визуальный,visuel
vital,жизненно важный,vital
voice,голос,voix
volume,объем,le volume
volunteer,доброволец,bénévole
vote,голосование,vote
voter,избиратель,électeur
vs,против,vs
vulnerable,уязвимый,vulnérable
wage,заработная плата,salaire
wait,ждать,attendre
wake,будить,se réveiller
walk,ходить,marche
wall,стена,mur
wander,бродить,errer
want,хочу,vouloir
war,война,guerre
warm,теплый,chaud
warn,предупреждать,avertir
warning,предупреждение,Attention
wash,стирка,lavage
waste,трата,déchets
watch,смотреть,Regardez
water,вода,l'eau
wave,волна,vague
way,способ,chemin
we,мы,nous
weak,слабый,faible
wealth,богатство,richesse
wealthy,богатый,riche
weapon,оружие,arme
wear,носить,porter
weather,Погода,la météo
wedding,свадьба,mariage
week,неделя,semaine
weekend,выходные дни,fin de semaine
weekly,еженедельно,hebdomadaire
weigh,взвешивать,peser
weight,масса,poids
welcome,Добро пожаловать,Bienvenue
welfare,благосостояние,bien-être
well,хорошо,bien
west,Запад,Ouest
western,вестерн,occidental
wet,влажный,mouiller
what,какие,quelle
whatever,что бы ни,peu importe
wheel,колесо,la roue
when,когда,lorsque
whenever,в любое время,n'importe quand
where,где,où
whereas,тогда как,tandis que
whether,ли,qu'il s'agisse
which,который,lequel
while,пока,tandis que
whisper,шепот,chuchotement
white,белый,blanc
who,кто,qui
whole,весь,ensemble
whom,кому,qui
whose,чей,à qui
why,Зачем,Pourquoi
wide,широкий,large
widely,широко,largement
widespread,широко распространенный,très répandu
wife,жена,épouse
wild,дикий,sauvage
will,будут,volonté
willing,готовый,disposé
win,выиграть,gagner
wind,ветер,vent
window,окно,la fenêtre
wine,вино,vin
wing,крыло,aile
winner,победитель,gagnant
winter,зима,l'hiver
wipe,вытирать,essuyer
wire,провод,fil
wisdom,мудрость,sagesse
wise,Мудрый,sage
wish,желание,souhaiter
with,с участием,avec
withdraw,отзывать,retirer
within,в,dans
without,без,sans pour autant
witness,свидетель,témoin
woman,женщина,femme
wonder,удивляться,merveille
wonderful,замечательный,magnifique
wood,древесина,bois
wooden,деревянный,en bois
word,слово,mot
work,Работа,travail
worker,работник,ouvrier
works,работает,travaux
workshop,цех,atelier
world,Мир,monde
worried,волновался,préoccupé
worry,волноваться,s'inquiéter
worth,ценность,valeur
would,было бы,aurait
wound,ранить,blessure
wrap,сворачивать,envelopper
write,написать,écrivez
writer,писатель,écrivain
writing,письмо,l'écriture
wrong,неправильный,tort
yard,площадка,Cour
yeah,Ага,Oui
year,год,an
yell,кричать,crier
yellow,желтый,jaune
yes,да,Oui
yesterday,вчера,hier
yet,еще,encore
yield,урожай,rendement
you,ты,toi
young,молодой,Jeune
your,ваш,votre
yours,ваш,le vôtre
yourself,сам,toi-même
youth,молодежь,jeunesse
zone,зона,zone
